"Year","gear_category","catch_type_id","Catch","TotalCatch","Proportion","Factor"
1950,"bottom trawl",1,3.91352182542831,NA,NA,"bottom trawl"
1951,"bottom trawl",1,4.24350388105878,NA,NA,"bottom trawl"
1952,"bottom trawl",1,4.46965922876466,NA,NA,"bottom trawl"
1953,"bottom trawl",1,4.60086371851033,NA,NA,"bottom trawl"
1954,"bottom trawl",1,5.05508928929876,NA,NA,"bottom trawl"
1955,"bottom trawl",1,5.22737167062311,NA,NA,"bottom trawl"
1956,"bottom trawl",1,5.47586759508109,NA,NA,"bottom trawl"
1957,"bottom trawl",1,5.59738289476123,NA,NA,"bottom trawl"
1958,"bottom trawl",1,5.84678581345049,NA,NA,"bottom trawl"
1959,"bottom trawl",1,6.47831162272318,NA,NA,"bottom trawl"
1960,"bottom trawl",1,7.22083321056857,NA,NA,"bottom trawl"
1961,"bottom trawl",1,7.82874667918185,NA,NA,"bottom trawl"
1962,"bottom trawl",1,8.27968461070049,NA,NA,"bottom trawl"
1963,"bottom trawl",1,9.6287414470044,NA,NA,"bottom trawl"
1964,"bottom trawl",1,10.7537148832221,NA,NA,"bottom trawl"
1965,"bottom trawl",1,10.6781611190582,NA,NA,"bottom trawl"
1966,"bottom trawl",1,11.5844406256517,NA,NA,"bottom trawl"
1967,"bottom trawl",1,12.6846618693977,NA,NA,"bottom trawl"
1968,"bottom trawl",1,13.6205645048509,NA,NA,"bottom trawl"
1969,"bottom trawl",1,13.8746569970539,NA,NA,"bottom trawl"
1970,"bottom trawl",1,15.9375984662406,NA,NA,"bottom trawl"
1971,"bottom trawl",1,16.9574671118951,NA,NA,"bottom trawl"
1972,"bottom trawl",1,17.8110637451383,NA,NA,"bottom trawl"
1973,"bottom trawl",1,18.3227140248463,NA,NA,"bottom trawl"
1974,"bottom trawl",1,19.1106561656336,NA,NA,"bottom trawl"
1975,"bottom trawl",1,18.8170887071821,NA,NA,"bottom trawl"
1976,"bottom trawl",1,19.0303048387478,NA,NA,"bottom trawl"
1977,"bottom trawl",1,19.0653854215345,NA,NA,"bottom trawl"
1978,"bottom trawl",1,19.7951786156283,NA,NA,"bottom trawl"
1979,"bottom trawl",1,19.2764848645605,NA,NA,"bottom trawl"
1980,"bottom trawl",1,19.5604929364257,NA,NA,"bottom trawl"
1981,"bottom trawl",1,19.9781327496622,NA,NA,"bottom trawl"
1982,"bottom trawl",1,21.6899982968008,NA,NA,"bottom trawl"
1983,"bottom trawl",1,22.4049194546692,NA,NA,"bottom trawl"
1984,"bottom trawl",1,23.2651813657212,NA,NA,"bottom trawl"
1985,"bottom trawl",1,23.158156517418,NA,NA,"bottom trawl"
1986,"bottom trawl",1,24.676026984017,NA,NA,"bottom trawl"
1987,"bottom trawl",1,24.742539467592,NA,NA,"bottom trawl"
1988,"bottom trawl",1,25.5300667919972,NA,NA,"bottom trawl"
1989,"bottom trawl",1,25.1435678002071,NA,NA,"bottom trawl"
1990,"bottom trawl",1,20.0045439463087,NA,NA,"bottom trawl"
1991,"bottom trawl",1,19.8160771675482,NA,NA,"bottom trawl"
1992,"bottom trawl",1,20.2870393146598,NA,NA,"bottom trawl"
1993,"bottom trawl",1,20.1103488642588,NA,NA,"bottom trawl"
1994,"bottom trawl",1,21.1424730421308,NA,NA,"bottom trawl"
1995,"bottom trawl",1,22.4537087993732,NA,NA,"bottom trawl"
1996,"bottom trawl",1,22.4306766071494,NA,NA,"bottom trawl"
1997,"bottom trawl",1,22.40300777619,NA,NA,"bottom trawl"
1998,"bottom trawl",1,22.3104787660236,NA,NA,"bottom trawl"
1999,"bottom trawl",1,21.1088304549034,NA,NA,"bottom trawl"
2000,"bottom trawl",1,20.6671915851088,NA,NA,"bottom trawl"
2001,"bottom trawl",1,21.6200924727469,NA,NA,"bottom trawl"
2002,"bottom trawl",1,21.3620008889741,NA,NA,"bottom trawl"
2003,"bottom trawl",1,20.330642196911,NA,NA,"bottom trawl"
2004,"bottom trawl",1,20.4893407131887,NA,NA,"bottom trawl"
2005,"bottom trawl",1,19.7321004216796,NA,NA,"bottom trawl"
2006,"bottom trawl",1,19.5412238821376,NA,NA,"bottom trawl"
2007,"bottom trawl",1,19.2993273618398,NA,NA,"bottom trawl"
2008,"bottom trawl",1,19.0052410153136,NA,NA,"bottom trawl"
2009,"bottom trawl",1,18.9481881851335,NA,NA,"bottom trawl"
2010,"bottom trawl",1,19.3054892163372,NA,NA,"bottom trawl"
2011,"bottom trawl",1,18.6202375926543,NA,NA,"bottom trawl"
2012,"bottom trawl",1,18.2545297328918,NA,NA,"bottom trawl"
2013,"bottom trawl",1,19.1028946013593,NA,NA,"bottom trawl"
2014,"bottom trawl",1,20.7690556271113,NA,NA,"bottom trawl"
1950,"gillnet",1,0.91285025329335,NA,NA,"gillnet"
1951,"gillnet",1,0.992802890494221,NA,NA,"gillnet"
1952,"gillnet",1,0.939018940596718,NA,NA,"gillnet"
1953,"gillnet",1,0.991373410904108,NA,NA,"gillnet"
1954,"gillnet",1,1.16776004239229,NA,NA,"gillnet"
1955,"gillnet",1,1.11305924294843,NA,NA,"gillnet"
1956,"gillnet",1,1.23880171390591,NA,NA,"gillnet"
1957,"gillnet",1,1.07354356799019,NA,NA,"gillnet"
1958,"gillnet",1,0.834982732640083,NA,NA,"gillnet"
1959,"gillnet",1,0.915415688277912,NA,NA,"gillnet"
1960,"gillnet",1,0.885098070450809,NA,NA,"gillnet"
1961,"gillnet",1,1.09220448060488,NA,NA,"gillnet"
1962,"gillnet",1,1.07572434173542,NA,NA,"gillnet"
1963,"gillnet",1,1.07043588043146,NA,NA,"gillnet"
1964,"gillnet",1,1.08713738430667,NA,NA,"gillnet"
1965,"gillnet",1,0.985758115093272,NA,NA,"gillnet"
1966,"gillnet",1,0.949779153503338,NA,NA,"gillnet"
1967,"gillnet",1,0.912566979309074,NA,NA,"gillnet"
1968,"gillnet",1,0.844842348815724,NA,NA,"gillnet"
1969,"gillnet",1,0.812035240114589,NA,NA,"gillnet"
1970,"gillnet",1,0.867443523432026,NA,NA,"gillnet"
1971,"gillnet",1,0.946194327692216,NA,NA,"gillnet"
1972,"gillnet",1,1.01621282016076,NA,NA,"gillnet"
1973,"gillnet",1,1.09694067557508,NA,NA,"gillnet"
1974,"gillnet",1,1.09472517037964,NA,NA,"gillnet"
1975,"gillnet",1,1.11258660853319,NA,NA,"gillnet"
1976,"gillnet",1,1.20672469627935,NA,NA,"gillnet"
1977,"gillnet",1,1.10879436652114,NA,NA,"gillnet"
1978,"gillnet",1,1.18530549352364,NA,NA,"gillnet"
1979,"gillnet",1,1.1927088046527,NA,NA,"gillnet"
1980,"gillnet",1,1.23570984562253,NA,NA,"gillnet"
1981,"gillnet",1,1.35646808497833,NA,NA,"gillnet"
1982,"gillnet",1,1.45613610515602,NA,NA,"gillnet"
1983,"gillnet",1,1.37601404226839,NA,NA,"gillnet"
1984,"gillnet",1,1.60578445655419,NA,NA,"gillnet"
1985,"gillnet",1,1.77668384140671,NA,NA,"gillnet"
1986,"gillnet",1,1.80860198050339,NA,NA,"gillnet"
1987,"gillnet",1,1.89314387212095,NA,NA,"gillnet"
1988,"gillnet",1,2.04682433376129,NA,NA,"gillnet"
1989,"gillnet",1,2.04648065156222,NA,NA,"gillnet"
1990,"gillnet",1,2.22172405877108,NA,NA,"gillnet"
1991,"gillnet",1,2.14039447890977,NA,NA,"gillnet"
1992,"gillnet",1,2.38302356129723,NA,NA,"gillnet"
1993,"gillnet",1,2.35898239417683,NA,NA,"gillnet"
1994,"gillnet",1,2.73473869945117,NA,NA,"gillnet"
1995,"gillnet",1,2.51405602663644,NA,NA,"gillnet"
1996,"gillnet",1,2.63858204168719,NA,NA,"gillnet"
1997,"gillnet",1,3.10224363572797,NA,NA,"gillnet"
1998,"gillnet",1,3.03311330807231,NA,NA,"gillnet"
1999,"gillnet",1,2.79745713578551,NA,NA,"gillnet"
2000,"gillnet",1,2.97015410228023,NA,NA,"gillnet"
2001,"gillnet",1,2.86996159422499,NA,NA,"gillnet"
2002,"gillnet",1,2.98386693990492,NA,NA,"gillnet"
2003,"gillnet",1,2.92274428403763,NA,NA,"gillnet"
2004,"gillnet",1,2.98641999927373,NA,NA,"gillnet"
2005,"gillnet",1,2.97904866786762,NA,NA,"gillnet"
2006,"gillnet",1,3.03658647347468,NA,NA,"gillnet"
2007,"gillnet",1,3.15521744643063,NA,NA,"gillnet"
2008,"gillnet",1,3.12538923756919,NA,NA,"gillnet"
2009,"gillnet",1,3.3003885924532,NA,NA,"gillnet"
2010,"gillnet",1,3.3424152436166,NA,NA,"gillnet"
2011,"gillnet",1,3.29061844225545,NA,NA,"gillnet"
2012,"gillnet",1,3.46495360479318,NA,NA,"gillnet"
2013,"gillnet",1,3.62647956815097,NA,NA,"gillnet"
2014,"gillnet",1,2.79986664731478,NA,NA,"gillnet"
1950,"longline",1,0.82605922350494,NA,NA,"longline"
1951,"longline",1,0.907611357639492,NA,NA,"longline"
1952,"longline",1,0.901633760772189,NA,NA,"longline"
1953,"longline",1,0.940069770133048,NA,NA,"longline"
1954,"longline",1,0.996453012369873,NA,NA,"longline"
1955,"longline",1,1.02273986042637,NA,NA,"longline"
1956,"longline",1,1.06350772437803,NA,NA,"longline"
1957,"longline",1,1.10826896687426,NA,NA,"longline"
1958,"longline",1,1.18549087171034,NA,NA,"longline"
1959,"longline",1,1.39817339466303,NA,NA,"longline"
1960,"longline",1,1.45545585116485,NA,NA,"longline"
1961,"longline",1,1.54755427462135,NA,NA,"longline"
1962,"longline",1,1.63545330952297,NA,NA,"longline"
1963,"longline",1,1.69472999258528,NA,NA,"longline"
1964,"longline",1,1.51017640022667,NA,NA,"longline"
1965,"longline",1,1.64110578578746,NA,NA,"longline"
1966,"longline",1,1.71654109345534,NA,NA,"longline"
1967,"longline",1,1.68456723558973,NA,NA,"longline"
1968,"longline",1,1.89240385512348,NA,NA,"longline"
1969,"longline",1,2.03452633056454,NA,NA,"longline"
1970,"longline",1,2.11308780852015,NA,NA,"longline"
1971,"longline",1,2.07166392439197,NA,NA,"longline"
1972,"longline",1,1.98922631384627,NA,NA,"longline"
1973,"longline",1,2.01982451394982,NA,NA,"longline"
1974,"longline",1,2.14017711633199,NA,NA,"longline"
1975,"longline",1,2.0540122598896,NA,NA,"longline"
1976,"longline",1,2.26389107641474,NA,NA,"longline"
1977,"longline",1,2.3165928280711,NA,NA,"longline"
1978,"longline",1,2.54269224205806,NA,NA,"longline"
1979,"longline",1,2.64492029118608,NA,NA,"longline"
1980,"longline",1,2.54010974462005,NA,NA,"longline"
1981,"longline",1,2.53134958980935,NA,NA,"longline"
1982,"longline",1,2.52962221526765,NA,NA,"longline"
1983,"longline",1,2.64202319151558,NA,NA,"longline"
1984,"longline",1,2.60646413361722,NA,NA,"longline"
1985,"longline",1,2.53466179164096,NA,NA,"longline"
1986,"longline",1,2.64898129655383,NA,NA,"longline"
1987,"longline",1,2.9666738495627,NA,NA,"longline"
1988,"longline",1,2.97681129853822,NA,NA,"longline"
1989,"longline",1,3.09093441493095,NA,NA,"longline"
1990,"longline",1,2.8180608342738,NA,NA,"longline"
1991,"longline",1,3.02861809450934,NA,NA,"longline"
1992,"longline",1,3.18608242598328,NA,NA,"longline"
1993,"longline",1,3.30291082131092,NA,NA,"longline"
1994,"longline",1,3.6159938329033,NA,NA,"longline"
1995,"longline",1,3.67035584105478,NA,NA,"longline"
1996,"longline",1,3.8050251647209,NA,NA,"longline"
1997,"longline",1,3.99362632176969,NA,NA,"longline"
1998,"longline",1,3.61615820541815,NA,NA,"longline"
1999,"longline",1,3.85783648696715,NA,NA,"longline"
2000,"longline",1,3.71108035618868,NA,NA,"longline"
2001,"longline",1,3.5967897293003,NA,NA,"longline"
2002,"longline",1,3.4464307099297,NA,NA,"longline"
2003,"longline",1,3.66110603477358,NA,NA,"longline"
2004,"longline",1,3.78815594399132,NA,NA,"longline"
2005,"longline",1,3.5358574441606,NA,NA,"longline"
2006,"longline",1,3.786033383613,NA,NA,"longline"
2007,"longline",1,3.90722708019365,NA,NA,"longline"
2008,"longline",1,3.59643655151315,NA,NA,"longline"
2009,"longline",1,3.2549102057229,NA,NA,"longline"
2010,"longline",1,3.32147239057057,NA,NA,"longline"
2011,"longline",1,3.61334800709493,NA,NA,"longline"
2012,"longline",1,3.75574924935953,NA,NA,"longline"
2013,"longline",1,3.85270347894878,NA,NA,"longline"
2014,"longline",1,4.14085230889221,NA,NA,"longline"
1950,"other",1,1.2845949281802,NA,NA,"other"
1951,"other",1,1.32557738067038,NA,NA,"other"
1952,"other",1,1.39816889439725,NA,NA,"other"
1953,"other",1,1.43679322938767,NA,NA,"other"
1954,"other",1,1.46760507925233,NA,NA,"other"
1955,"other",1,1.48255392848961,NA,NA,"other"
1956,"other",1,1.49770712442921,NA,NA,"other"
1957,"other",1,1.51784236242404,NA,NA,"other"
1958,"other",1,1.41450464725143,NA,NA,"other"
1959,"other",1,1.45606734166904,NA,NA,"other"
1960,"other",1,1.40032604080163,NA,NA,"other"
1961,"other",1,1.42977175636094,NA,NA,"other"
1962,"other",1,1.36057180689433,NA,NA,"other"
1963,"other",1,1.38901889651055,NA,NA,"other"
1964,"other",1,1.38206730061857,NA,NA,"other"
1965,"other",1,1.3104909430031,NA,NA,"other"
1966,"other",1,1.20757998893736,NA,NA,"other"
1967,"other",1,1.18069277961508,NA,NA,"other"
1968,"other",1,1.18759914397175,NA,NA,"other"
1969,"other",1,1.12742722669191,NA,NA,"other"
1970,"other",1,1.25947273238677,NA,NA,"other"
1971,"other",1,1.33435931558032,NA,NA,"other"
1972,"other",1,1.30548002641379,NA,NA,"other"
1973,"other",1,1.31573475203293,NA,NA,"other"
1974,"other",1,1.46129773999535,NA,NA,"other"
1975,"other",1,1.48599570377198,NA,NA,"other"
1976,"other",1,1.67913918180671,NA,NA,"other"
1977,"other",1,1.88197529764294,NA,NA,"other"
1978,"other",1,2.01140198989589,NA,NA,"other"
1979,"other",1,1.70679042300118,NA,NA,"other"
1980,"other",1,1.8420492255562,NA,NA,"other"
1981,"other",1,2.11816688074255,NA,NA,"other"
1982,"other",1,1.8151614660311,NA,NA,"other"
1983,"other",1,1.48001491011798,NA,NA,"other"
1984,"other",1,1.65185533841342,NA,NA,"other"
1985,"other",1,1.73644995647171,NA,NA,"other"
1986,"other",1,1.7483668362032,NA,NA,"other"
1987,"other",1,2.03183754565015,NA,NA,"other"
1988,"other",1,1.8213651331821,NA,NA,"other"
1989,"other",1,1.91059994286969,NA,NA,"other"
1990,"other",1,2.23275626887759,NA,NA,"other"
1991,"other",1,2.06775002368959,NA,NA,"other"
1992,"other",1,2.01475614333719,NA,NA,"other"
1993,"other",1,1.98471539092067,NA,NA,"other"
1994,"other",1,1.77753801477909,NA,NA,"other"
1995,"other",1,1.8369356785078,NA,NA,"other"
1996,"other",1,1.85678508362052,NA,NA,"other"
1997,"other",1,1.85999981157539,NA,NA,"other"
1998,"other",1,1.83385539657934,NA,NA,"other"
1999,"other",1,1.78071244261161,NA,NA,"other"
2000,"other",1,1.91270717787827,NA,NA,"other"
2001,"other",1,2.06412445166074,NA,NA,"other"
2002,"other",1,2.02283026708145,NA,NA,"other"
2003,"other",1,1.92323004162239,NA,NA,"other"
2004,"other",1,1.91788989643767,NA,NA,"other"
2005,"other",1,1.69486429668137,NA,NA,"other"
2006,"other",1,1.6966847721201,NA,NA,"other"
2007,"other",1,1.81639777678774,NA,NA,"other"
2008,"other",1,1.81114337843972,NA,NA,"other"
2009,"other",1,1.77759653947925,NA,NA,"other"
2010,"other",1,1.75000516670337,NA,NA,"other"
2011,"other",1,1.7240686664594,NA,NA,"other"
2012,"other",1,1.76409043169957,NA,NA,"other"
2013,"other",1,1.59163752342645,NA,NA,"other"
2014,"other",1,1.3772126213847,NA,NA,"other"
1950,"pelagic trawl",1,1.45683621688989,NA,NA,"pelagic trawl"
1951,"pelagic trawl",1,1.7808297298967,NA,NA,"pelagic trawl"
1952,"pelagic trawl",1,1.82361326312759,NA,NA,"pelagic trawl"
1953,"pelagic trawl",1,1.85469589877733,NA,NA,"pelagic trawl"
1954,"pelagic trawl",1,1.93175760853631,NA,NA,"pelagic trawl"
1955,"pelagic trawl",1,1.82945720800081,NA,NA,"pelagic trawl"
1956,"pelagic trawl",1,1.75256273983235,NA,NA,"pelagic trawl"
1957,"pelagic trawl",1,1.89647802988104,NA,NA,"pelagic trawl"
1958,"pelagic trawl",1,1.92527587499781,NA,NA,"pelagic trawl"
1959,"pelagic trawl",1,1.8558812227949,NA,NA,"pelagic trawl"
1960,"pelagic trawl",1,1.75100037727169,NA,NA,"pelagic trawl"
1961,"pelagic trawl",1,1.87001866705039,NA,NA,"pelagic trawl"
1962,"pelagic trawl",1,1.89612460817705,NA,NA,"pelagic trawl"
1963,"pelagic trawl",1,2.19838748987621,NA,NA,"pelagic trawl"
1964,"pelagic trawl",1,2.43068073116048,NA,NA,"pelagic trawl"
1965,"pelagic trawl",1,2.56889123574512,NA,NA,"pelagic trawl"
1966,"pelagic trawl",1,2.65990415444508,NA,NA,"pelagic trawl"
1967,"pelagic trawl",1,3.09630454698959,NA,NA,"pelagic trawl"
1968,"pelagic trawl",1,3.64680158004996,NA,NA,"pelagic trawl"
1969,"pelagic trawl",1,3.53729769803605,NA,NA,"pelagic trawl"
1970,"pelagic trawl",1,4.10739801013668,NA,NA,"pelagic trawl"
1971,"pelagic trawl",1,4.36302152847983,NA,NA,"pelagic trawl"
1972,"pelagic trawl",1,4.37784637592905,NA,NA,"pelagic trawl"
1973,"pelagic trawl",1,5.2379684030134,NA,NA,"pelagic trawl"
1974,"pelagic trawl",1,5.38061204180773,NA,NA,"pelagic trawl"
1975,"pelagic trawl",1,5.75440379617987,NA,NA,"pelagic trawl"
1976,"pelagic trawl",1,6.18355492716911,NA,NA,"pelagic trawl"
1977,"pelagic trawl",1,6.28471989239589,NA,NA,"pelagic trawl"
1978,"pelagic trawl",1,5.6297827544463,NA,NA,"pelagic trawl"
1979,"pelagic trawl",1,5.9320259442468,NA,NA,"pelagic trawl"
1980,"pelagic trawl",1,6.57021033749701,NA,NA,"pelagic trawl"
1981,"pelagic trawl",1,6.78801732483624,NA,NA,"pelagic trawl"
1982,"pelagic trawl",1,7.22441246543686,NA,NA,"pelagic trawl"
1983,"pelagic trawl",1,7.02107533200809,NA,NA,"pelagic trawl"
1984,"pelagic trawl",1,7.2520891570243,NA,NA,"pelagic trawl"
1985,"pelagic trawl",1,7.27916063257141,NA,NA,"pelagic trawl"
1986,"pelagic trawl",1,7.76787018097851,NA,NA,"pelagic trawl"
1987,"pelagic trawl",1,7.78002026428385,NA,NA,"pelagic trawl"
1988,"pelagic trawl",1,7.77154572442547,NA,NA,"pelagic trawl"
1989,"pelagic trawl",1,7.75799387034538,NA,NA,"pelagic trawl"
1990,"pelagic trawl",1,8.02715636835914,NA,NA,"pelagic trawl"
1991,"pelagic trawl",1,11.3873161363917,NA,NA,"pelagic trawl"
1992,"pelagic trawl",1,10.8878530200591,NA,NA,"pelagic trawl"
1993,"pelagic trawl",1,10.1677103523919,NA,NA,"pelagic trawl"
1994,"pelagic trawl",1,9.25382632039891,NA,NA,"pelagic trawl"
1995,"pelagic trawl",1,10.3730827515084,NA,NA,"pelagic trawl"
1996,"pelagic trawl",1,11.6870744561385,NA,NA,"pelagic trawl"
1997,"pelagic trawl",1,11.2489101997731,NA,NA,"pelagic trawl"
1998,"pelagic trawl",1,11.1551610487396,NA,NA,"pelagic trawl"
1999,"pelagic trawl",1,10.3580206173937,NA,NA,"pelagic trawl"
2000,"pelagic trawl",1,10.0984494543153,NA,NA,"pelagic trawl"
2001,"pelagic trawl",1,10.6976729703353,NA,NA,"pelagic trawl"
2002,"pelagic trawl",1,10.2017078574673,NA,NA,"pelagic trawl"
2003,"pelagic trawl",1,11.3955859816965,NA,NA,"pelagic trawl"
2004,"pelagic trawl",1,11.0426889877713,NA,NA,"pelagic trawl"
2005,"pelagic trawl",1,10.9264285026001,NA,NA,"pelagic trawl"
2006,"pelagic trawl",1,9.88607342939168,NA,NA,"pelagic trawl"
2007,"pelagic trawl",1,9.88290316565656,NA,NA,"pelagic trawl"
2008,"pelagic trawl",1,9.69477208791199,NA,NA,"pelagic trawl"
2009,"pelagic trawl",1,9.06109375635942,NA,NA,"pelagic trawl"
2010,"pelagic trawl",1,9.68636802195029,NA,NA,"pelagic trawl"
2011,"pelagic trawl",1,8.78714337698842,NA,NA,"pelagic trawl"
2012,"pelagic trawl",1,8.90841216483009,NA,NA,"pelagic trawl"
2013,"pelagic trawl",1,8.58999142803306,NA,NA,"pelagic trawl"
2014,"pelagic trawl",1,9.60873856272824,NA,NA,"pelagic trawl"
1950,"purse seine",1,3.38928087531574,NA,NA,"purse seine"
1951,"purse seine",1,3.59557295427265,NA,NA,"purse seine"
1952,"purse seine",1,3.83460673607834,NA,NA,"purse seine"
1953,"purse seine",1,3.94556299072397,NA,NA,"purse seine"
1954,"purse seine",1,3.92610498876096,NA,NA,"purse seine"
1955,"purse seine",1,4.15679655593741,NA,NA,"purse seine"
1956,"purse seine",1,4.71282913433722,NA,NA,"purse seine"
1957,"purse seine",1,4.92513836006445,NA,NA,"purse seine"
1958,"purse seine",1,5.55497810082171,NA,NA,"purse seine"
1959,"purse seine",1,7.33011014455135,NA,NA,"purse seine"
1960,"purse seine",1,9.05883708402882,NA,NA,"purse seine"
1961,"purse seine",1,12.2665498958175,NA,NA,"purse seine"
1962,"purse seine",1,14.5742263603606,NA,NA,"purse seine"
1963,"purse seine",1,15.4154326324585,NA,NA,"purse seine"
1964,"purse seine",1,19.2074937800463,NA,NA,"purse seine"
1965,"purse seine",1,17.5899140150211,NA,NA,"purse seine"
1966,"purse seine",1,20.9672233352306,NA,NA,"purse seine"
1967,"purse seine",1,23.1667409382248,NA,NA,"purse seine"
1968,"purse seine",1,25.756506244779,NA,NA,"purse seine"
1969,"purse seine",1,23.1533547626808,NA,NA,"purse seine"
1970,"purse seine",1,26.7287018919623,NA,NA,"purse seine"
1971,"purse seine",1,24.5268623489293,NA,NA,"purse seine"
1972,"purse seine",1,16.6138135098441,NA,NA,"purse seine"
1973,"purse seine",1,14.2255271972282,NA,NA,"purse seine"
1974,"purse seine",1,17.862085042266,NA,NA,"purse seine"
1975,"purse seine",1,17.0681938188788,NA,NA,"purse seine"
1976,"purse seine",1,19.6371393479363,NA,NA,"purse seine"
1977,"purse seine",1,18.8122793510502,NA,NA,"purse seine"
1978,"purse seine",1,21.4957732350459,NA,NA,"purse seine"
1979,"purse seine",1,20.0426627462791,NA,NA,"purse seine"
1980,"purse seine",1,19.3865969063217,NA,NA,"purse seine"
1981,"purse seine",1,20.7024696845557,NA,NA,"purse seine"
1982,"purse seine",1,23.7195488874515,NA,NA,"purse seine"
1983,"purse seine",1,21.7877050296474,NA,NA,"purse seine"
1984,"purse seine",1,23.6887884526218,NA,NA,"purse seine"
1985,"purse seine",1,25.6627670407898,NA,NA,"purse seine"
1986,"purse seine",1,29.0567625472299,NA,NA,"purse seine"
1987,"purse seine",1,27.4407877612855,NA,NA,"purse seine"
1988,"purse seine",1,28.4580573071607,NA,NA,"purse seine"
1989,"purse seine",1,29.5535576394785,NA,NA,"purse seine"
1990,"purse seine",1,25.8522377751697,NA,NA,"purse seine"
1991,"purse seine",1,26.83456677623,NA,NA,"purse seine"
1992,"purse seine",1,30.1332186249065,NA,NA,"purse seine"
1993,"purse seine",1,32.4206332963496,NA,NA,"purse seine"
1994,"purse seine",1,37.7328756425497,NA,NA,"purse seine"
1995,"purse seine",1,33.9925674769431,NA,NA,"purse seine"
1996,"purse seine",1,35.1587753048978,NA,NA,"purse seine"
1997,"purse seine",1,33.6651592897087,NA,NA,"purse seine"
1998,"purse seine",1,25.085791281815,NA,NA,"purse seine"
1999,"purse seine",1,32.2526390980277,NA,NA,"purse seine"
2000,"purse seine",1,35.4950060660556,NA,NA,"purse seine"
2001,"purse seine",1,31.4996488776067,NA,NA,"purse seine"
2002,"purse seine",1,33.2227265746422,NA,NA,"purse seine"
2003,"purse seine",1,29.6262627864169,NA,NA,"purse seine"
2004,"purse seine",1,34.7707253286157,NA,NA,"purse seine"
2005,"purse seine",1,34.0312068644866,NA,NA,"purse seine"
2006,"purse seine",1,29.536638137707,NA,NA,"purse seine"
2007,"purse seine",1,29.8740037340521,NA,NA,"purse seine"
2008,"purse seine",1,28.1809841193896,NA,NA,"purse seine"
2009,"purse seine",1,27.6475143395253,NA,NA,"purse seine"
2010,"purse seine",1,23.7506071265947,NA,NA,"purse seine"
2011,"purse seine",1,28.7940461129931,NA,NA,"purse seine"
2012,"purse seine",1,25.0245560492446,NA,NA,"purse seine"
2013,"purse seine",1,26.1204931931933,NA,NA,"purse seine"
2014,"purse seine",1,22.6063077447479,NA,NA,"purse seine"
1950,"small scale",1,9.72607093618219,NA,NA,"small scale"
1951,"small scale",1,10.4311633405554,NA,NA,"small scale"
1952,"small scale",1,10.4927022263906,NA,NA,"small scale"
1953,"small scale",1,10.6914969623019,NA,NA,"small scale"
1954,"small scale",1,11.6795931315715,NA,NA,"small scale"
1955,"small scale",1,12.2374087854722,NA,NA,"small scale"
1956,"small scale",1,13.1291837708321,NA,NA,"small scale"
1957,"small scale",1,13.270371360939,NA,NA,"small scale"
1958,"small scale",1,13.0920492861263,NA,NA,"small scale"
1959,"small scale",1,13.1115200115593,NA,NA,"small scale"
1960,"small scale",1,13.7422598642836,NA,NA,"small scale"
1961,"small scale",1,13.6831791920902,NA,NA,"small scale"
1962,"small scale",1,14.3582487271337,NA,NA,"small scale"
1963,"small scale",1,14.3638788973225,NA,NA,"small scale"
1964,"small scale",1,14.8011857499145,NA,NA,"small scale"
1965,"small scale",1,15.0750695713038,NA,NA,"small scale"
1966,"small scale",1,15.8992136173361,NA,NA,"small scale"
1967,"small scale",1,16.1043123155587,NA,NA,"small scale"
1968,"small scale",1,15.9616043214549,NA,NA,"small scale"
1969,"small scale",1,15.9783270654081,NA,NA,"small scale"
1970,"small scale",1,16.2219449742267,NA,NA,"small scale"
1971,"small scale",1,16.2038832224186,NA,NA,"small scale"
1972,"small scale",1,16.5215713101305,NA,NA,"small scale"
1973,"small scale",1,17.7338066001341,NA,NA,"small scale"
1974,"small scale",1,17.0531196668805,NA,NA,"small scale"
1975,"small scale",1,17.0984417729211,NA,NA,"small scale"
1976,"small scale",1,17.4556748131838,NA,NA,"small scale"
1977,"small scale",1,18.6783003330631,NA,NA,"small scale"
1978,"small scale",1,19.6422754734328,NA,NA,"small scale"
1979,"small scale",1,20.3173485894189,NA,NA,"small scale"
1980,"small scale",1,20.0532795961662,NA,NA,"small scale"
1981,"small scale",1,20.4347280286577,NA,NA,"small scale"
1982,"small scale",1,20.8487928579365,NA,NA,"small scale"
1983,"small scale",1,20.724030907487,NA,NA,"small scale"
1984,"small scale",1,23.023536714984,NA,NA,"small scale"
1985,"small scale",1,23.5000491191156,NA,NA,"small scale"
1986,"small scale",1,22.1869498071923,NA,NA,"small scale"
1987,"small scale",1,24.0603718460879,NA,NA,"small scale"
1988,"small scale",1,24.8955147002705,NA,NA,"small scale"
1989,"small scale",1,24.1566461965746,NA,NA,"small scale"
1990,"small scale",1,24.9023578881597,NA,NA,"small scale"
1991,"small scale",1,24.9408989869122,NA,NA,"small scale"
1992,"small scale",1,24.1609469774172,NA,NA,"small scale"
1993,"small scale",1,23.2269572150792,NA,NA,"small scale"
1994,"small scale",1,24.1168505756524,NA,NA,"small scale"
1995,"small scale",1,24.6819551635277,NA,NA,"small scale"
1996,"small scale",1,25.3137871232534,NA,NA,"small scale"
1997,"small scale",1,25.0468823713307,NA,NA,"small scale"
1998,"small scale",1,25.704896883938,NA,NA,"small scale"
1999,"small scale",1,25.3027765704944,NA,NA,"small scale"
2000,"small scale",1,24.64279299632,NA,NA,"small scale"
2001,"small scale",1,24.7456454516266,NA,NA,"small scale"
2002,"small scale",1,24.1013479487958,NA,NA,"small scale"
2003,"small scale",1,24.8842237677245,NA,NA,"small scale"
2004,"small scale",1,25.375190535263,NA,NA,"small scale"
2005,"small scale",1,25.2533929101519,NA,NA,"small scale"
2006,"small scale",1,25.8828102002922,NA,NA,"small scale"
2007,"small scale",1,24.8544025408814,NA,NA,"small scale"
2008,"small scale",1,24.5840579812821,NA,NA,"small scale"
2009,"small scale",1,25.4918336695685,NA,NA,"small scale"
2010,"small scale",1,25.0728015791097,NA,NA,"small scale"
2011,"small scale",1,25.9874044598816,NA,NA,"small scale"
2012,"small scale",1,26.1207970726688,NA,NA,"small scale"
2013,"small scale",1,26.4883376980582,NA,NA,"small scale"
2014,"small scale",1,25.5649579974214,NA,NA,"small scale"
1950,"unknown",1,0.309557573805196,NA,NA,"unknown"
1951,"unknown",1,0.317990578041799,NA,NA,"unknown"
1952,"unknown",1,0.310150915737642,NA,NA,"unknown"
1953,"unknown",1,0.31308698418265,NA,NA,"unknown"
1954,"unknown",1,0.312679319309819,NA,NA,"unknown"
1955,"unknown",1,0.421549852290797,NA,NA,"unknown"
1956,"unknown",1,0.483243548767163,NA,NA,"unknown"
1957,"unknown",1,0.457060500192332,NA,NA,"unknown"
1958,"unknown",1,0.452653629214208,NA,NA,"unknown"
1959,"unknown",1,0.298889069843502,NA,NA,"unknown"
1960,"unknown",1,0.292681581944227,NA,NA,"unknown"
1961,"unknown",1,0.323624898722966,NA,NA,"unknown"
1962,"unknown",1,0.304181553730862,NA,NA,"unknown"
1963,"unknown",1,0.388759132036704,NA,NA,"unknown"
1964,"unknown",1,0.384632969134267,NA,NA,"unknown"
1965,"unknown",1,0.402632377427901,NA,NA,"unknown"
1966,"unknown",1,0.411188917066523,NA,NA,"unknown"
1967,"unknown",1,0.464175328134969,NA,NA,"unknown"
1968,"unknown",1,0.481288029877275,NA,NA,"unknown"
1969,"unknown",1,0.449739614726287,NA,NA,"unknown"
1970,"unknown",1,0.454207308239612,NA,NA,"unknown"
1971,"unknown",1,0.489978653174464,NA,NA,"unknown"
1972,"unknown",1,0.527330278886191,NA,NA,"unknown"
1973,"unknown",1,0.603028115404977,NA,NA,"unknown"
1974,"unknown",1,0.605535058193863,NA,NA,"unknown"
1975,"unknown",1,0.591501543038078,NA,NA,"unknown"
1976,"unknown",1,0.564980922969407,NA,NA,"unknown"
1977,"unknown",1,0.619350384505734,NA,NA,"unknown"
1978,"unknown",1,0.807983334162968,NA,NA,"unknown"
1979,"unknown",1,0.744280004582486,NA,NA,"unknown"
1980,"unknown",1,0.705391215746312,NA,NA,"unknown"
1981,"unknown",1,0.849024540873884,NA,NA,"unknown"
1982,"unknown",1,0.927943114991166,NA,NA,"unknown"
1983,"unknown",1,1.0182587903884,NA,NA,"unknown"
1984,"unknown",1,0.876063151059762,NA,NA,"unknown"
1985,"unknown",1,0.912948203466682,NA,NA,"unknown"
1986,"unknown",1,1.04525421942345,NA,NA,"unknown"
1987,"unknown",1,1.19191592348763,NA,NA,"unknown"
1988,"unknown",1,1.02750743546128,NA,NA,"unknown"
1989,"unknown",1,0.932980252663979,NA,NA,"unknown"
1990,"unknown",1,0.972698905994142,NA,NA,"unknown"
1991,"unknown",1,0.660637543166248,NA,NA,"unknown"
1992,"unknown",1,0.784240428176257,NA,NA,"unknown"
1993,"unknown",1,0.90672390370248,NA,NA,"unknown"
1994,"unknown",1,0.795218041087181,NA,NA,"unknown"
1995,"unknown",1,0.822622121145772,NA,NA,"unknown"
1996,"unknown",1,0.77566991726002,NA,NA,"unknown"
1997,"unknown",1,0.736823646453652,NA,NA,"unknown"
1998,"unknown",1,0.817300540903351,NA,NA,"unknown"
1999,"unknown",1,0.736731063182075,NA,NA,"unknown"
2000,"unknown",1,0.737237250379754,NA,NA,"unknown"
2001,"unknown",1,0.813320736568175,NA,NA,"unknown"
2002,"unknown",1,0.744467262682311,NA,NA,"unknown"
2003,"unknown",1,0.701531765129146,NA,NA,"unknown"
2004,"unknown",1,0.693252340565057,NA,NA,"unknown"
2005,"unknown",1,0.759007075912954,NA,NA,"unknown"
2006,"unknown",1,0.730756544896786,NA,NA,"unknown"
2007,"unknown",1,0.709496364307312,NA,NA,"unknown"
2008,"unknown",1,0.711063823870867,NA,NA,"unknown"
2009,"unknown",1,0.927271130929164,NA,NA,"unknown"
2010,"unknown",1,0.826074336512154,NA,NA,"unknown"
2011,"unknown",1,0.722267316362729,NA,NA,"unknown"
2012,"unknown",1,0.66638284031508,NA,NA,"unknown"
2013,"unknown",1,0.732405998436098,NA,NA,"unknown"
2014,"unknown",1,0.994202061117351,NA,NA,"unknown"
1950,"bottom trawl",2,1.8619213545384,NA,NA,"bottom trawl"
1951,"bottom trawl",2,2.00892226043856,NA,NA,"bottom trawl"
1952,"bottom trawl",2,2.47834187617088,NA,NA,"bottom trawl"
1953,"bottom trawl",2,2.52356561282406,NA,NA,"bottom trawl"
1954,"bottom trawl",2,3.11464217051687,NA,NA,"bottom trawl"
1955,"bottom trawl",2,3.76862186427522,NA,NA,"bottom trawl"
1956,"bottom trawl",2,3.79544167101571,NA,NA,"bottom trawl"
1957,"bottom trawl",2,2.96803002133721,NA,NA,"bottom trawl"
1958,"bottom trawl",2,3.05659531515497,NA,NA,"bottom trawl"
1959,"bottom trawl",2,3.50115094253654,NA,NA,"bottom trawl"
1960,"bottom trawl",2,4.22651226584996,NA,NA,"bottom trawl"
1961,"bottom trawl",2,4.71885112511345,NA,NA,"bottom trawl"
1962,"bottom trawl",2,5.06753441409804,NA,NA,"bottom trawl"
1963,"bottom trawl",2,5.6912039540337,NA,NA,"bottom trawl"
1964,"bottom trawl",2,5.22388183928197,NA,NA,"bottom trawl"
1965,"bottom trawl",2,5.84285751882413,NA,NA,"bottom trawl"
1966,"bottom trawl",2,5.99243163383677,NA,NA,"bottom trawl"
1967,"bottom trawl",2,6.19185375302215,NA,NA,"bottom trawl"
1968,"bottom trawl",2,7.27434576283941,NA,NA,"bottom trawl"
1969,"bottom trawl",2,7.00931268304191,NA,NA,"bottom trawl"
1970,"bottom trawl",2,6.77468132687027,NA,NA,"bottom trawl"
1971,"bottom trawl",2,6.2483195852993,NA,NA,"bottom trawl"
1972,"bottom trawl",2,6.79456641480117,NA,NA,"bottom trawl"
1973,"bottom trawl",2,7.40670689851203,NA,NA,"bottom trawl"
1974,"bottom trawl",2,7.39487139826123,NA,NA,"bottom trawl"
1975,"bottom trawl",2,6.64990128230661,NA,NA,"bottom trawl"
1976,"bottom trawl",2,6.31477687259958,NA,NA,"bottom trawl"
1977,"bottom trawl",2,6.41054299208951,NA,NA,"bottom trawl"
1978,"bottom trawl",2,6.04404284483787,NA,NA,"bottom trawl"
1979,"bottom trawl",2,5.30942752715549,NA,NA,"bottom trawl"
1980,"bottom trawl",2,4.97330580533146,NA,NA,"bottom trawl"
1981,"bottom trawl",2,4.78894642610124,NA,NA,"bottom trawl"
1982,"bottom trawl",2,5.86288349713934,NA,NA,"bottom trawl"
1983,"bottom trawl",2,5.83283526308763,NA,NA,"bottom trawl"
1984,"bottom trawl",2,6.1834961463877,NA,NA,"bottom trawl"
1985,"bottom trawl",2,6.68940732093635,NA,NA,"bottom trawl"
1986,"bottom trawl",2,6.56885302242489,NA,NA,"bottom trawl"
1987,"bottom trawl",2,6.93031959256982,NA,NA,"bottom trawl"
1988,"bottom trawl",2,6.73325852974662,NA,NA,"bottom trawl"
1989,"bottom trawl",2,7.71435207391329,NA,NA,"bottom trawl"
1990,"bottom trawl",2,5.57104408410421,NA,NA,"bottom trawl"
1991,"bottom trawl",2,5.20960924400297,NA,NA,"bottom trawl"
1992,"bottom trawl",2,5.08843517430507,NA,NA,"bottom trawl"
1993,"bottom trawl",2,4.86641454352981,NA,NA,"bottom trawl"
1994,"bottom trawl",2,5.05734932761075,NA,NA,"bottom trawl"
1995,"bottom trawl",2,4.79228210390353,NA,NA,"bottom trawl"
1996,"bottom trawl",2,4.74771370580961,NA,NA,"bottom trawl"
1997,"bottom trawl",2,4.48745827846854,NA,NA,"bottom trawl"
1998,"bottom trawl",2,4.29182137672826,NA,NA,"bottom trawl"
1999,"bottom trawl",2,3.97312212786079,NA,NA,"bottom trawl"
2000,"bottom trawl",2,4.02104810965081,NA,NA,"bottom trawl"
2001,"bottom trawl",2,3.91423368349409,NA,NA,"bottom trawl"
2002,"bottom trawl",2,3.85252083154989,NA,NA,"bottom trawl"
2003,"bottom trawl",2,3.7385974932449,NA,NA,"bottom trawl"
2004,"bottom trawl",2,3.55702775941141,NA,NA,"bottom trawl"
2005,"bottom trawl",2,3.19414269777554,NA,NA,"bottom trawl"
2006,"bottom trawl",2,3.21069207537559,NA,NA,"bottom trawl"
2007,"bottom trawl",2,3.13493658180537,NA,NA,"bottom trawl"
2008,"bottom trawl",2,2.92632428568064,NA,NA,"bottom trawl"
2009,"bottom trawl",2,2.91191732629366,NA,NA,"bottom trawl"
2010,"bottom trawl",2,2.86507430993779,NA,NA,"bottom trawl"
2011,"bottom trawl",2,3.08890535363558,NA,NA,"bottom trawl"
2012,"bottom trawl",2,2.81134378030549,NA,NA,"bottom trawl"
2013,"bottom trawl",2,2.83227147048752,NA,NA,"bottom trawl"
2014,"bottom trawl",2,2.89255255142723,NA,NA,"bottom trawl"
1950,"gillnet",2,0.164869276542955,NA,NA,"gillnet"
1951,"gillnet",2,0.184784314142707,NA,NA,"gillnet"
1952,"gillnet",2,0.200844031901037,NA,NA,"gillnet"
1953,"gillnet",2,0.211953036448322,NA,NA,"gillnet"
1954,"gillnet",2,0.238456898418117,NA,NA,"gillnet"
1955,"gillnet",2,0.248633496910609,NA,NA,"gillnet"
1956,"gillnet",2,0.270698005903491,NA,NA,"gillnet"
1957,"gillnet",2,0.257860084853967,NA,NA,"gillnet"
1958,"gillnet",2,0.0586392642587601,NA,NA,"gillnet"
1959,"gillnet",2,0.063932616627171,NA,NA,"gillnet"
1960,"gillnet",2,0.0611816270730586,NA,NA,"gillnet"
1961,"gillnet",2,0.0604369179719436,NA,NA,"gillnet"
1962,"gillnet",2,0.0621118535032415,NA,NA,"gillnet"
1963,"gillnet",2,0.0630173269363948,NA,NA,"gillnet"
1964,"gillnet",2,0.0660917967968193,NA,NA,"gillnet"
1965,"gillnet",2,0.108579193741829,NA,NA,"gillnet"
1966,"gillnet",2,0.101658838579896,NA,NA,"gillnet"
1967,"gillnet",2,0.0997280435250321,NA,NA,"gillnet"
1968,"gillnet",2,0.0941627595841465,NA,NA,"gillnet"
1969,"gillnet",2,0.0873551467476379,NA,NA,"gillnet"
1970,"gillnet",2,0.101155842640278,NA,NA,"gillnet"
1971,"gillnet",2,0.116891981000434,NA,NA,"gillnet"
1972,"gillnet",2,0.12252509380396,NA,NA,"gillnet"
1973,"gillnet",2,0.147944507651633,NA,NA,"gillnet"
1974,"gillnet",2,0.156767154630839,NA,NA,"gillnet"
1975,"gillnet",2,0.170493242857196,NA,NA,"gillnet"
1976,"gillnet",2,0.164752215581753,NA,NA,"gillnet"
1977,"gillnet",2,0.14557769024119,NA,NA,"gillnet"
1978,"gillnet",2,0.148174226771536,NA,NA,"gillnet"
1979,"gillnet",2,0.144457981007521,NA,NA,"gillnet"
1980,"gillnet",2,0.164191166327268,NA,NA,"gillnet"
1981,"gillnet",2,0.149789730200575,NA,NA,"gillnet"
1982,"gillnet",2,0.159188485879008,NA,NA,"gillnet"
1983,"gillnet",2,0.156109765901363,NA,NA,"gillnet"
1984,"gillnet",2,0.206675521993253,NA,NA,"gillnet"
1985,"gillnet",2,0.220146957563256,NA,NA,"gillnet"
1986,"gillnet",2,0.23419262298268,NA,NA,"gillnet"
1987,"gillnet",2,0.24886263114968,NA,NA,"gillnet"
1988,"gillnet",2,0.283902449139295,NA,NA,"gillnet"
1989,"gillnet",2,0.306888190139727,NA,NA,"gillnet"
1990,"gillnet",2,0.348146735780519,NA,NA,"gillnet"
1991,"gillnet",2,0.363642786849113,NA,NA,"gillnet"
1992,"gillnet",2,0.369283436236747,NA,NA,"gillnet"
1993,"gillnet",2,0.470433905443078,NA,NA,"gillnet"
1994,"gillnet",2,0.475337156004114,NA,NA,"gillnet"
1995,"gillnet",2,0.48865501124525,NA,NA,"gillnet"
1996,"gillnet",2,0.439446265839361,NA,NA,"gillnet"
1997,"gillnet",2,0.488390115809828,NA,NA,"gillnet"
1998,"gillnet",2,0.410186767374232,NA,NA,"gillnet"
1999,"gillnet",2,0.425674804404703,NA,NA,"gillnet"
2000,"gillnet",2,0.420885416165529,NA,NA,"gillnet"
2001,"gillnet",2,0.410709808018368,NA,NA,"gillnet"
2002,"gillnet",2,0.392855565324257,NA,NA,"gillnet"
2003,"gillnet",2,0.355539791874498,NA,NA,"gillnet"
2004,"gillnet",2,0.326295136119307,NA,NA,"gillnet"
2005,"gillnet",2,0.373689890764306,NA,NA,"gillnet"
2006,"gillnet",2,0.288260046646556,NA,NA,"gillnet"
2007,"gillnet",2,0.306131638538661,NA,NA,"gillnet"
2008,"gillnet",2,0.314984612789733,NA,NA,"gillnet"
2009,"gillnet",2,0.243140029652347,NA,NA,"gillnet"
2010,"gillnet",2,0.298812355894945,NA,NA,"gillnet"
2011,"gillnet",2,0.327415690147939,NA,NA,"gillnet"
2012,"gillnet",2,0.326325434066431,NA,NA,"gillnet"
2013,"gillnet",2,0.332099309127606,NA,NA,"gillnet"
2014,"gillnet",2,0.309427656852179,NA,NA,"gillnet"
1950,"longline",2,0.0672636656505028,NA,NA,"longline"
1951,"longline",2,0.0627148872151305,NA,NA,"longline"
1952,"longline",2,0.0786918941622466,NA,NA,"longline"
1953,"longline",2,0.0845826054909379,NA,NA,"longline"
1954,"longline",2,0.0938095438430957,NA,NA,"longline"
1955,"longline",2,0.116944527428408,NA,NA,"longline"
1956,"longline",2,0.120298749138761,NA,NA,"longline"
1957,"longline",2,0.128447861092825,NA,NA,"longline"
1958,"longline",2,0.133737998454961,NA,NA,"longline"
1959,"longline",2,0.160283493521612,NA,NA,"longline"
1960,"longline",2,0.200045902540165,NA,NA,"longline"
1961,"longline",2,0.21485456815115,NA,NA,"longline"
1962,"longline",2,0.224274915432522,NA,NA,"longline"
1963,"longline",2,0.238395515957261,NA,NA,"longline"
1964,"longline",2,0.20927139386614,NA,NA,"longline"
1965,"longline",2,0.192356844215287,NA,NA,"longline"
1966,"longline",2,0.216099106413871,NA,NA,"longline"
1967,"longline",2,0.21858779798505,NA,NA,"longline"
1968,"longline",2,0.240324637297893,NA,NA,"longline"
1969,"longline",2,0.244442231496505,NA,NA,"longline"
1970,"longline",2,0.224769125708794,NA,NA,"longline"
1971,"longline",2,0.211770521248683,NA,NA,"longline"
1972,"longline",2,0.229615228443261,NA,NA,"longline"
1973,"longline",2,0.24715087079984,NA,NA,"longline"
1974,"longline",2,0.252964355130844,NA,NA,"longline"
1975,"longline",2,0.251972639382523,NA,NA,"longline"
1976,"longline",2,0.27746966678206,NA,NA,"longline"
1977,"longline",2,0.293002719358055,NA,NA,"longline"
1978,"longline",2,0.295003379213839,NA,NA,"longline"
1979,"longline",2,0.278026985840137,NA,NA,"longline"
1980,"longline",2,0.29404895413498,NA,NA,"longline"
1981,"longline",2,0.278577570489643,NA,NA,"longline"
1982,"longline",2,0.272682416148245,NA,NA,"longline"
1983,"longline",2,0.26621668601131,NA,NA,"longline"
1984,"longline",2,0.264997110272384,NA,NA,"longline"
1985,"longline",2,0.28884967366782,NA,NA,"longline"
1986,"longline",2,0.309631955357662,NA,NA,"longline"
1987,"longline",2,0.316818164167783,NA,NA,"longline"
1988,"longline",2,0.315240351886081,NA,NA,"longline"
1989,"longline",2,0.314831839187528,NA,NA,"longline"
1990,"longline",2,0.34585880983138,NA,NA,"longline"
1991,"longline",2,0.348231281805191,NA,NA,"longline"
1992,"longline",2,0.380721485772894,NA,NA,"longline"
1993,"longline",2,0.393671865791989,NA,NA,"longline"
1994,"longline",2,0.409172654407338,NA,NA,"longline"
1995,"longline",2,0.360628114143636,NA,NA,"longline"
1996,"longline",2,0.352238601520621,NA,NA,"longline"
1997,"longline",2,0.372801886388506,NA,NA,"longline"
1998,"longline",2,0.378785730813571,NA,NA,"longline"
1999,"longline",2,0.356847852055895,NA,NA,"longline"
2000,"longline",2,0.345376395029065,NA,NA,"longline"
2001,"longline",2,0.368356105697213,NA,NA,"longline"
2002,"longline",2,0.330559606782592,NA,NA,"longline"
2003,"longline",2,0.363750148003892,NA,NA,"longline"
2004,"longline",2,0.353337703910782,NA,NA,"longline"
2005,"longline",2,0.336922903184552,NA,NA,"longline"
2006,"longline",2,0.317262977396532,NA,NA,"longline"
2007,"longline",2,0.317945274969763,NA,NA,"longline"
2008,"longline",2,0.304231009403055,NA,NA,"longline"
2009,"longline",2,0.314958950786603,NA,NA,"longline"
2010,"longline",2,0.298348155169933,NA,NA,"longline"
2011,"longline",2,0.281945516328928,NA,NA,"longline"
2012,"longline",2,0.292688874906972,NA,NA,"longline"
2013,"longline",2,0.285385366804772,NA,NA,"longline"
2014,"longline",2,0.300678898827701,NA,NA,"longline"
1950,"other",2,0.178052712934765,NA,NA,"other"
1951,"other",2,0.174862092275535,NA,NA,"other"
1952,"other",2,0.178393728660972,NA,NA,"other"
1953,"other",2,0.198981979101086,NA,NA,"other"
1954,"other",2,0.187868463422211,NA,NA,"other"
1955,"other",2,0.183155950597737,NA,NA,"other"
1956,"other",2,0.180216101994924,NA,NA,"other"
1957,"other",2,0.195009581676661,NA,NA,"other"
1958,"other",2,0.185765343649184,NA,NA,"other"
1959,"other",2,0.209406149894679,NA,NA,"other"
1960,"other",2,0.21296612176734,NA,NA,"other"
1961,"other",2,0.218690535944334,NA,NA,"other"
1962,"other",2,0.197575426577263,NA,NA,"other"
1963,"other",2,0.175785329962354,NA,NA,"other"
1964,"other",2,0.164755888620097,NA,NA,"other"
1965,"other",2,0.194686420288287,NA,NA,"other"
1966,"other",2,0.162066585253963,NA,NA,"other"
1967,"other",2,0.134513522127233,NA,NA,"other"
1968,"other",2,0.135567802434174,NA,NA,"other"
1969,"other",2,0.113728148683348,NA,NA,"other"
1970,"other",2,0.114603486786786,NA,NA,"other"
1971,"other",2,0.12117800804173,NA,NA,"other"
1972,"other",2,0.133610106321221,NA,NA,"other"
1973,"other",2,0.134334692345853,NA,NA,"other"
1974,"other",2,0.148319906550345,NA,NA,"other"
1975,"other",2,0.167822569186871,NA,NA,"other"
1976,"other",2,0.188524985209359,NA,NA,"other"
1977,"other",2,0.224726320192923,NA,NA,"other"
1978,"other",2,0.267613824622419,NA,NA,"other"
1979,"other",2,0.255783418969786,NA,NA,"other"
1980,"other",2,0.246661731766503,NA,NA,"other"
1981,"other",2,0.238159732694494,NA,NA,"other"
1982,"other",2,0.196850559691279,NA,NA,"other"
1983,"other",2,0.17266990192727,NA,NA,"other"
1984,"other",2,0.167933215233573,NA,NA,"other"
1985,"other",2,0.15960320746457,NA,NA,"other"
1986,"other",2,0.170788975935322,NA,NA,"other"
1987,"other",2,0.232279336944022,NA,NA,"other"
1988,"other",2,0.220672528006466,NA,NA,"other"
1989,"other",2,0.242249810106618,NA,NA,"other"
1990,"other",2,0.278093002294054,NA,NA,"other"
1991,"other",2,0.268211164218659,NA,NA,"other"
1992,"other",2,0.249375395287603,NA,NA,"other"
1993,"other",2,0.173904089669053,NA,NA,"other"
1994,"other",2,0.163410517267608,NA,NA,"other"
1995,"other",2,0.167489481356279,NA,NA,"other"
1996,"other",2,0.161993785248974,NA,NA,"other"
1997,"other",2,0.148662652288296,NA,NA,"other"
1998,"other",2,0.125982622726517,NA,NA,"other"
1999,"other",2,0.168767259180197,NA,NA,"other"
2000,"other",2,0.219427094429672,NA,NA,"other"
2001,"other",2,0.285521851536073,NA,NA,"other"
2002,"other",2,0.32145712455302,NA,NA,"other"
2003,"other",2,0.337425597429381,NA,NA,"other"
2004,"other",2,0.360470534146374,NA,NA,"other"
2005,"other",2,0.317079516637007,NA,NA,"other"
2006,"other",2,0.309384668212174,NA,NA,"other"
2007,"other",2,0.296272878721893,NA,NA,"other"
2008,"other",2,0.263440481810595,NA,NA,"other"
2009,"other",2,0.262256097569363,NA,NA,"other"
2010,"other",2,0.264712790117479,NA,NA,"other"
2011,"other",2,0.256579427399544,NA,NA,"other"
2012,"other",2,0.244365158677599,NA,NA,"other"
2013,"other",2,0.193723058190392,NA,NA,"other"
2014,"other",2,0.157076972935442,NA,NA,"other"
1950,"pelagic trawl",2,0.131731044984349,NA,NA,"pelagic trawl"
1951,"pelagic trawl",2,0.153730940398251,NA,NA,"pelagic trawl"
1952,"pelagic trawl",2,0.160212801701277,NA,NA,"pelagic trawl"
1953,"pelagic trawl",2,0.149648656199273,NA,NA,"pelagic trawl"
1954,"pelagic trawl",2,0.134238394019618,NA,NA,"pelagic trawl"
1955,"pelagic trawl",2,0.143844963302771,NA,NA,"pelagic trawl"
1956,"pelagic trawl",2,0.158864360431544,NA,NA,"pelagic trawl"
1957,"pelagic trawl",2,0.2295799483387,NA,NA,"pelagic trawl"
1958,"pelagic trawl",2,0.254553068168981,NA,NA,"pelagic trawl"
1959,"pelagic trawl",2,0.200362421145028,NA,NA,"pelagic trawl"
1960,"pelagic trawl",2,0.172206662902167,NA,NA,"pelagic trawl"
1961,"pelagic trawl",2,0.187708981727852,NA,NA,"pelagic trawl"
1962,"pelagic trawl",2,0.182445253393398,NA,NA,"pelagic trawl"
1963,"pelagic trawl",2,0.252045108800952,NA,NA,"pelagic trawl"
1964,"pelagic trawl",2,0.287012510201205,NA,NA,"pelagic trawl"
1965,"pelagic trawl",2,0.282809574022095,NA,NA,"pelagic trawl"
1966,"pelagic trawl",2,0.285785190137261,NA,NA,"pelagic trawl"
1967,"pelagic trawl",2,0.340000074053463,NA,NA,"pelagic trawl"
1968,"pelagic trawl",2,0.432527892010174,NA,NA,"pelagic trawl"
1969,"pelagic trawl",2,0.429292676368607,NA,NA,"pelagic trawl"
1970,"pelagic trawl",2,0.473513313315029,NA,NA,"pelagic trawl"
1971,"pelagic trawl",2,0.435928616979454,NA,NA,"pelagic trawl"
1972,"pelagic trawl",2,0.467733895011243,NA,NA,"pelagic trawl"
1973,"pelagic trawl",2,0.569803605416656,NA,NA,"pelagic trawl"
1974,"pelagic trawl",2,0.597127874900955,NA,NA,"pelagic trawl"
1975,"pelagic trawl",2,0.617705183237437,NA,NA,"pelagic trawl"
1976,"pelagic trawl",2,0.593922378251363,NA,NA,"pelagic trawl"
1977,"pelagic trawl",2,0.594550524287589,NA,NA,"pelagic trawl"
1978,"pelagic trawl",2,0.461857310929073,NA,NA,"pelagic trawl"
1979,"pelagic trawl",2,0.510921219384146,NA,NA,"pelagic trawl"
1980,"pelagic trawl",2,0.631191713105962,NA,NA,"pelagic trawl"
1981,"pelagic trawl",2,0.767321123952311,NA,NA,"pelagic trawl"
1982,"pelagic trawl",2,0.895647595525219,NA,NA,"pelagic trawl"
1983,"pelagic trawl",2,0.993420158981861,NA,NA,"pelagic trawl"
1984,"pelagic trawl",2,1.37881234900956,NA,NA,"pelagic trawl"
1985,"pelagic trawl",2,1.62129171753424,NA,NA,"pelagic trawl"
1986,"pelagic trawl",2,1.88439739492522,NA,NA,"pelagic trawl"
1987,"pelagic trawl",2,2.0803303616607,NA,NA,"pelagic trawl"
1988,"pelagic trawl",2,2.24240539156439,NA,NA,"pelagic trawl"
1989,"pelagic trawl",2,2.1402535670483,NA,NA,"pelagic trawl"
1990,"pelagic trawl",2,3.99135263041041,NA,NA,"pelagic trawl"
1991,"pelagic trawl",2,4.35741934046602,NA,NA,"pelagic trawl"
1992,"pelagic trawl",2,4.05159865947747,NA,NA,"pelagic trawl"
1993,"pelagic trawl",2,3.48229167795784,NA,NA,"pelagic trawl"
1994,"pelagic trawl",2,2.77788068463839,NA,NA,"pelagic trawl"
1995,"pelagic trawl",2,3.35262668135498,NA,NA,"pelagic trawl"
1996,"pelagic trawl",2,4.07333029977239,NA,NA,"pelagic trawl"
1997,"pelagic trawl",2,3.76196005043999,NA,NA,"pelagic trawl"
1998,"pelagic trawl",2,3.23228365119674,NA,NA,"pelagic trawl"
1999,"pelagic trawl",2,2.72219014585317,NA,NA,"pelagic trawl"
2000,"pelagic trawl",2,2.25206987622062,NA,NA,"pelagic trawl"
2001,"pelagic trawl",2,2.25123999743462,NA,NA,"pelagic trawl"
2002,"pelagic trawl",2,1.70623031114398,NA,NA,"pelagic trawl"
2003,"pelagic trawl",2,2.02291776793931,NA,NA,"pelagic trawl"
2004,"pelagic trawl",2,1.69286729782561,NA,NA,"pelagic trawl"
2005,"pelagic trawl",2,1.74005227414657,NA,NA,"pelagic trawl"
2006,"pelagic trawl",2,1.72471030837832,NA,NA,"pelagic trawl"
2007,"pelagic trawl",2,1.98221281774859,NA,NA,"pelagic trawl"
2008,"pelagic trawl",2,2.07359891209917,NA,NA,"pelagic trawl"
2009,"pelagic trawl",2,2.06054057358371,NA,NA,"pelagic trawl"
2010,"pelagic trawl",2,2.38259528147233,NA,NA,"pelagic trawl"
2011,"pelagic trawl",2,1.4141068207482,NA,NA,"pelagic trawl"
2012,"pelagic trawl",2,1.47975755833548,NA,NA,"pelagic trawl"
2013,"pelagic trawl",2,1.42790893124744,NA,NA,"pelagic trawl"
2014,"pelagic trawl",2,1.42714512013955,NA,NA,"pelagic trawl"
1950,"purse seine",2,0.11148471652078,NA,NA,"purse seine"
1951,"purse seine",2,0.138008657169789,NA,NA,"purse seine"
1952,"purse seine",2,0.139838679922011,NA,NA,"purse seine"
1953,"purse seine",2,0.131466552132281,NA,NA,"purse seine"
1954,"purse seine",2,0.126890477357277,NA,NA,"purse seine"
1955,"purse seine",2,0.156369653763286,NA,NA,"purse seine"
1956,"purse seine",2,0.180802465808331,NA,NA,"purse seine"
1957,"purse seine",2,0.182159095288978,NA,NA,"purse seine"
1958,"purse seine",2,0.179448238226356,NA,NA,"purse seine"
1959,"purse seine",2,0.241216727843453,NA,NA,"purse seine"
1960,"purse seine",2,0.325831872800923,NA,NA,"purse seine"
1961,"purse seine",2,0.477152540067501,NA,NA,"purse seine"
1962,"purse seine",2,0.640423353745857,NA,NA,"purse seine"
1963,"purse seine",2,0.644806947636313,NA,NA,"purse seine"
1964,"purse seine",2,0.934654052066247,NA,NA,"purse seine"
1965,"purse seine",2,0.860574948256767,NA,NA,"purse seine"
1966,"purse seine",2,1.07990697813188,NA,NA,"purse seine"
1967,"purse seine",2,1.2854819268925,NA,NA,"purse seine"
1968,"purse seine",2,1.23081465224511,NA,NA,"purse seine"
1969,"purse seine",2,1.08416944991541,NA,NA,"purse seine"
1970,"purse seine",2,1.48589875703187,NA,NA,"purse seine"
1971,"purse seine",2,1.22989737490843,NA,NA,"purse seine"
1972,"purse seine",2,0.633257890603052,NA,NA,"purse seine"
1973,"purse seine",2,0.469521660434644,NA,NA,"purse seine"
1974,"purse seine",2,0.570464130122332,NA,NA,"purse seine"
1975,"purse seine",2,0.563738472387134,NA,NA,"purse seine"
1976,"purse seine",2,0.67960351238402,NA,NA,"purse seine"
1977,"purse seine",2,0.561620001604037,NA,NA,"purse seine"
1978,"purse seine",2,0.578034297869045,NA,NA,"purse seine"
1979,"purse seine",2,0.623008580127017,NA,NA,"purse seine"
1980,"purse seine",2,0.619438695333423,NA,NA,"purse seine"
1981,"purse seine",2,0.612928256951055,NA,NA,"purse seine"
1982,"purse seine",2,0.763225372404341,NA,NA,"purse seine"
1983,"purse seine",2,0.684590264099434,NA,NA,"purse seine"
1984,"purse seine",2,0.650719169935072,NA,NA,"purse seine"
1985,"purse seine",2,0.686821973547038,NA,NA,"purse seine"
1986,"purse seine",2,0.907545223688993,NA,NA,"purse seine"
1987,"purse seine",2,1.02018566503402,NA,NA,"purse seine"
1988,"purse seine",2,0.909998358256221,NA,NA,"purse seine"
1989,"purse seine",2,1.08599114988448,NA,NA,"purse seine"
1990,"purse seine",2,0.91648060605025,NA,NA,"purse seine"
1991,"purse seine",2,1.02199559320017,NA,NA,"purse seine"
1992,"purse seine",2,1.04789607605531,NA,NA,"purse seine"
1993,"purse seine",2,1.29061041347186,NA,NA,"purse seine"
1994,"purse seine",2,1.54191551607171,NA,NA,"purse seine"
1995,"purse seine",2,1.23102203703177,NA,NA,"purse seine"
1996,"purse seine",2,1.27283279179361,NA,NA,"purse seine"
1997,"purse seine",2,1.19678242676015,NA,NA,"purse seine"
1998,"purse seine",2,0.757201441690265,NA,NA,"purse seine"
1999,"purse seine",2,1.11667773253411,NA,NA,"purse seine"
2000,"purse seine",2,1.37668582990176,NA,NA,"purse seine"
2001,"purse seine",2,1.00001565194306,NA,NA,"purse seine"
2002,"purse seine",2,1.12309109899887,NA,NA,"purse seine"
2003,"purse seine",2,0.848082664896621,NA,NA,"purse seine"
2004,"purse seine",2,1.15349856394111,NA,NA,"purse seine"
2005,"purse seine",2,1.15550809434616,NA,NA,"purse seine"
2006,"purse seine",2,0.825069147373055,NA,NA,"purse seine"
2007,"purse seine",2,0.828846663989621,NA,NA,"purse seine"
2008,"purse seine",2,0.861296502616409,NA,NA,"purse seine"
2009,"purse seine",2,0.868505236919656,NA,NA,"purse seine"
2010,"purse seine",2,0.589298700843257,NA,NA,"purse seine"
2011,"purse seine",2,0.765283679755458,NA,NA,"purse seine"
2012,"purse seine",2,0.644354501272276,NA,NA,"purse seine"
2013,"purse seine",2,0.699331308059428,NA,NA,"purse seine"
2014,"purse seine",2,0.605112571220868,NA,NA,"purse seine"
1950,"small scale",2,0.35646279189483,NA,NA,"small scale"
1951,"small scale",2,0.385855235680238,NA,NA,"small scale"
1952,"small scale",2,0.387509696461218,NA,NA,"small scale"
1953,"small scale",2,0.368861529776322,NA,NA,"small scale"
1954,"small scale",2,0.389128797743869,NA,NA,"small scale"
1955,"small scale",2,0.363854109610098,NA,NA,"small scale"
1956,"small scale",2,0.483848061037447,NA,NA,"small scale"
1957,"small scale",2,0.514727790137851,NA,NA,"small scale"
1958,"small scale",2,0.497571921010138,NA,NA,"small scale"
1959,"small scale",2,0.519815585547762,NA,NA,"small scale"
1960,"small scale",2,0.513665350891815,NA,NA,"small scale"
1961,"small scale",2,0.543313038682993,NA,NA,"small scale"
1962,"small scale",2,0.570434880066014,NA,NA,"small scale"
1963,"small scale",2,0.592080627549192,NA,NA,"small scale"
1964,"small scale",2,0.664268893915236,NA,NA,"small scale"
1965,"small scale",2,0.689902540222313,NA,NA,"small scale"
1966,"small scale",2,0.744701906141867,NA,NA,"small scale"
1967,"small scale",2,0.769246262529276,NA,NA,"small scale"
1968,"small scale",2,0.768341631276516,NA,NA,"small scale"
1969,"small scale",2,0.761671400163774,NA,NA,"small scale"
1970,"small scale",2,0.782630369745818,NA,NA,"small scale"
1971,"small scale",2,0.76424795438659,NA,NA,"small scale"
1972,"small scale",2,0.77336224659272,NA,NA,"small scale"
1973,"small scale",2,0.80629309947567,NA,NA,"small scale"
1974,"small scale",2,0.759402956967573,NA,NA,"small scale"
1975,"small scale",2,0.737702140964878,NA,NA,"small scale"
1976,"small scale",2,0.739818591702118,NA,NA,"small scale"
1977,"small scale",2,0.766929819448631,NA,NA,"small scale"
1978,"small scale",2,0.866739521599483,NA,NA,"small scale"
1979,"small scale",2,0.892573712944151,NA,NA,"small scale"
1980,"small scale",2,0.913230415512409,NA,NA,"small scale"
1981,"small scale",2,1.0148049204107,NA,NA,"small scale"
1982,"small scale",2,0.97645497304423,NA,NA,"small scale"
1983,"small scale",2,0.987882100695732,NA,NA,"small scale"
1984,"small scale",2,1.05839572196295,NA,NA,"small scale"
1985,"small scale",2,1.08900352459796,NA,NA,"small scale"
1986,"small scale",2,1.05239726114101,NA,NA,"small scale"
1987,"small scale",2,1.10531990272571,NA,NA,"small scale"
1988,"small scale",2,1.10661571717993,NA,NA,"small scale"
1989,"small scale",2,1.09903048633866,NA,NA,"small scale"
1990,"small scale",2,1.13815564233048,NA,NA,"small scale"
1991,"small scale",2,1.10429929756481,NA,NA,"small scale"
1992,"small scale",2,1.0628254287531,NA,NA,"small scale"
1993,"small scale",2,1.00920870975695,NA,NA,"small scale"
1994,"small scale",2,1.03130513781301,NA,NA,"small scale"
1995,"small scale",2,1.02348844626337,NA,NA,"small scale"
1996,"small scale",2,0.985591359467523,NA,NA,"small scale"
1997,"small scale",2,0.977962873791346,NA,NA,"small scale"
1998,"small scale",2,0.941491818474352,NA,NA,"small scale"
1999,"small scale",2,0.934613138892211,NA,NA,"small scale"
2000,"small scale",2,0.909335651586687,NA,NA,"small scale"
2001,"small scale",2,0.928270156120498,NA,NA,"small scale"
2002,"small scale",2,0.936909431573983,NA,NA,"small scale"
2003,"small scale",2,0.958105864033032,NA,NA,"small scale"
2004,"small scale",2,0.910325536664629,NA,NA,"small scale"
2005,"small scale",2,0.833840876982878,NA,NA,"small scale"
2006,"small scale",2,0.803256141375072,NA,NA,"small scale"
2007,"small scale",2,0.780957774139522,NA,NA,"small scale"
2008,"small scale",2,0.78085754120951,NA,NA,"small scale"
2009,"small scale",2,0.768278051256522,NA,NA,"small scale"
2010,"small scale",2,0.785199547751158,NA,NA,"small scale"
2011,"small scale",2,0.778571206506634,NA,NA,"small scale"
2012,"small scale",2,0.791622212459277,NA,NA,"small scale"
2013,"small scale",2,0.802993546221511,NA,NA,"small scale"
2014,"small scale",2,0.819497783748641,NA,NA,"small scale"
1950,"unknown",2,0.0107811547911504,NA,NA,"unknown"
1951,"unknown",2,0.0122972078026238,NA,NA,"unknown"
1952,"unknown",2,0.0115868957501522,NA,NA,"unknown"
1953,"unknown",2,0.0111119593231923,NA,NA,"unknown"
1954,"unknown",2,0.0080401862393254,NA,NA,"unknown"
1955,"unknown",2,0.00743900698563809,NA,NA,"unknown"
1956,"unknown",2,0.006909718722351,NA,NA,"unknown"
1957,"unknown",2,0.0074866122584908,NA,NA,"unknown"
1958,"unknown",2,0.00902288388234473,NA,NA,"unknown"
1959,"unknown",2,0.0085589104251167,NA,NA,"unknown"
1960,"unknown",2,0.00821287266104162,NA,NA,"unknown"
1961,"unknown",2,0.00883440704432749,NA,NA,"unknown"
1962,"unknown",2,0.00900305939192959,NA,NA,"unknown"
1963,"unknown",2,0.0112958674144968,NA,NA,"unknown"
1964,"unknown",2,0.0112797720863196,NA,NA,"unknown"
1965,"unknown",2,0.0219522473771246,NA,NA,"unknown"
1966,"unknown",2,0.0270345539881504,NA,NA,"unknown"
1967,"unknown",2,0.0313946475255882,NA,NA,"unknown"
1968,"unknown",2,0.0354179931697954,NA,NA,"unknown"
1969,"unknown",2,0.0365182782676988,NA,NA,"unknown"
1970,"unknown",2,0.0380192208814668,NA,NA,"unknown"
1971,"unknown",2,0.0407985887849687,NA,NA,"unknown"
1972,"unknown",2,0.0435540874459584,NA,NA,"unknown"
1973,"unknown",2,0.0404284745096217,NA,NA,"unknown"
1974,"unknown",2,0.0372596108623691,NA,NA,"unknown"
1975,"unknown",2,0.0376807401752125,NA,NA,"unknown"
1976,"unknown",2,0.0387311387916324,NA,NA,"unknown"
1977,"unknown",2,0.0495604546061998,NA,NA,"unknown"
1978,"unknown",2,0.0468973734192964,NA,NA,"unknown"
1979,"unknown",2,0.0450085334319241,NA,NA,"unknown"
1980,"unknown",2,0.0419608163522562,NA,NA,"unknown"
1981,"unknown",2,0.0443575626713242,NA,NA,"unknown"
1982,"unknown",2,0.0508706298373606,NA,NA,"unknown"
1983,"unknown",2,0.0508343231598357,NA,NA,"unknown"
1984,"unknown",2,0.0439851996192407,NA,NA,"unknown"
1985,"unknown",2,0.0510587631349346,NA,NA,"unknown"
1986,"unknown",2,0.0515824270209868,NA,NA,"unknown"
1987,"unknown",2,0.0551647235204427,NA,NA,"unknown"
1988,"unknown",2,0.044407280032381,NA,NA,"unknown"
1989,"unknown",2,0.0525821160207488,NA,NA,"unknown"
1990,"unknown",2,0.0587757213771299,NA,NA,"unknown"
1991,"unknown",2,0.0606891392872342,NA,NA,"unknown"
1992,"unknown",2,0.0715460606513772,NA,NA,"unknown"
1993,"unknown",2,0.0646617845288613,NA,NA,"unknown"
1994,"unknown",2,0.0660472791947829,NA,NA,"unknown"
1995,"unknown",2,0.0573230559054265,NA,NA,"unknown"
1996,"unknown",2,0.0468764312458764,NA,NA,"unknown"
1997,"unknown",2,0.0492026488624079,NA,NA,"unknown"
1998,"unknown",2,0.0658078291728924,NA,NA,"unknown"
1999,"unknown",2,0.0462737030500361,NA,NA,"unknown"
2000,"unknown",2,0.0389894339979882,NA,NA,"unknown"
2001,"unknown",2,0.0406125437050061,NA,NA,"unknown"
2002,"unknown",2,0.0463281607331764,NA,NA,"unknown"
2003,"unknown",2,0.0504104776621137,NA,NA,"unknown"
2004,"unknown",2,0.0473600443822041,NA,NA,"unknown"
2005,"unknown",2,0.0450141407275963,NA,NA,"unknown"
2006,"unknown",2,0.0430876304962539,NA,NA,"unknown"
2007,"unknown",2,0.0208383882552603,NA,NA,"unknown"
2008,"unknown",2,0.0185815066035692,NA,NA,"unknown"
2009,"unknown",2,0.0171041549483471,NA,NA,"unknown"
2010,"unknown",2,0.0165256963314416,NA,NA,"unknown"
2011,"unknown",2,0.032118015280474,NA,NA,"unknown"
2012,"unknown",2,0.0320498335089862,NA,NA,"unknown"
2013,"unknown",2,0.0294677251849259,NA,NA,"unknown"
2014,"unknown",2,0.0268846329003153,NA,NA,"unknown"
